name;description
Adjustor;a person who is random
Administration Clerk;a person who is random
Administration Staff;a person who is random
Advertising Agent;a person who is random
Advertising Clerk;a person who is random
Advertising Executive;a person who is random
Accountant;a person who is random
Accounts Assistant;a person who is random
Accounts Clerk;a person who is random
Accounts Manager;a person who is random
Accounts Staff;a person who is random
Acoustic Engineer;a person who is random
Actor;a person who is random
Actress;a person who is random
Actuary;a person who is random
Acupuncturist;a person who is random
Administration Assistant;a person who is random
Administration Manager;a person who is random
Administrator;a person who is random
Advertising Assistant;a person who is random
Advertising Contractor;a person who is random
Advertising Manager;a person who is random
Advertising Staff;a person who is random
Aerial Erector;a person who is random
Aerobic Instructor;a person who is random
Aeronautical Engineer;a person who is random
Agent;a person who is random
Air Traffic Controller;a person who is random
Aircraft Designer;a person who is random
Aircraft Engineer;a person who is random
Aircraft Maintenance Engineer;a person who is random
Aircraft Surface Finisher;a person who is random
Airman;a person who is random
Airport Controller;a person who is random
Airport Manager;a person who is random
Almoner;a person who is random
Ambulance Controller;a person who is random
Ambulance Crew;a person who is random
Ambulance Driver;a person who is random
Amusement Arcade Worker;a person who is random
Anaesthetist;a person who is random
Analyst;a person who is random
Analytical Chemist;a person who is random
Animal Breeder;a person who is random
Anthropologist;a person who is random
Antique Dealer;a person who is random
Applications Engineer;a person who is random
Applications Programmer;a person who is random
Arbitrator;a person who is random
Arborist;a person who is random
Archaeologist;a person who is random
Architect;a person who is random
Archivist;a person who is random
Area Manager;a person who is random
Armourer;a person who is random
Aromatherapist;a person who is random
Art Critic;a person who is random
Art Dealer;a person who is random
Art Historian;a person who is random
Art Restorer;a person who is random
Artexer;a person who is random
Artist;a person who is random
Arts;a person who is random
Assembly Worker;a person who is random
Assessor;a person who is random
Assistant;a person who is random
Assistant Caretaker;a person who is random
Assistant Cook;a person who is random
Assistant Manager;a person who is random
Assistant Nurse;a person who is random
Assistant Teacher;a person who is random
Astrologer;a person who is random
Astronomer;a person who is random
Attendant;a person who is random
Au Pair;a person who is random
Auction Worker;a person who is random
Auctioneer;a person who is random
Audiologist;a person who is random
Audit Clerk;a person who is random
Audit Manager;a person who is random
Auditor;a person who is random
Auto Electrician;a person who is random
Auxiliary Nurse;a person who is random
Bacon Curer;a person who is random
Baggage Handler;a person who is random
Bailiff;a person who is random
Baker;a person who is random
Bakery Assistant;a person who is random
Bakery Manager;a person who is random
Bakery Operator;a person who is random
Balloonist;a person who is random
Bank Clerk;a person who is random
Bank Manager;a person who is random
Bank Messenger;a person who is random
Baptist Minister;a person who is random
Bar Manager;a person who is random
Bar Steward;a person who is random
Barber;a person who is random
Barmaid;a person who is random
Barman;a person who is random
Barrister;a person who is random
Beautician;a person who is random
Beauty Therapist;a person who is random
Betting Shop;a person who is random
Bill Poster;a person who is random
Bingo Caller;a person who is random
Biochemist;a person who is random
Biologist;a person who is random
Blacksmith;a person who is random
Blind Assembler;a person who is random
Blind Fitter;a person who is random
Blinds Installer;a person who is random
Boat Builder;a person who is random
Body Fitter;a person who is random
Bodyguard;a person who is random
Bodyshop;a person who is random
Book Binder;a person who is random
Book Seller;a person who is random
Book-Keeper;a person who is random
Booking Agent;a person who is random
Booking Clerk;a person who is random
Bookmaker;a person who is random
Botanist;a person who is random
Branch Manager;a person who is random
Breeder;a person who is random
Brewer;a person who is random
Brewery Manager;a person who is random
Brewery Worker;a person who is random
Bricklayer;a person who is random
Broadcaster;a person who is random
Builder;a person who is random
Builders Labourer;a person who is random
Building Advisor;a person who is random
Building Control;a person who is random
Building Engineer;a person who is random
Building Estimator;a person who is random
Building Foreman;a person who is random
Building Inspector;a person who is random
Building Manager;a person who is random
Building Surveyor;a person who is random
Bursar;a person who is random
Bus Company;a person who is random
Bus Conductor;a person who is random
Bus Driver;a person who is random
Bus Mechanic;a person who is random
Bus Valeter;a person who is random
Business Consultant;a person who is random
Business Proprietor;a person who is random
Butcher;a person who is random
Butchery Manager;a person who is random
Butler;a person who is random
Buyer;a person who is random
Cab Driver;a person who is random
Cabinet Maker;a person who is random
Cable Contractor;a person who is random
Cable Jointer;a person who is random
Cable TV Installer;a person who is random
Cafe Owner;a person who is random
Cafe Staff;a person who is random
Cafe Worker;a person who is random
Calibration Manager;a person who is random
Camera Repairer;a person who is random
Cameraman;a person who is random
Car Dealer;a person who is random
Car Delivery Driver;a person who is random
Car Park Attendant;a person who is random
Car Salesman;a person who is random
Car Valet;a person who is random
Car Wash Attendant;a person who is random
Care Assistant;a person who is random
Care Manager;a person who is random
Careers Advisor;a person who is random
Careers Officer;a person who is random
Caretaker;a person who is random
Cargo Operator;a person who is random
Carpenter;a person who is random
Carpet Cleaner;a person who is random
Carpet Fitter;a person who is random
Carpet Retailer;a person who is random
Carphone Fitter;a person who is random
Cartographer;a person who is random
Cartoonist;a person who is random
Cashier;a person who is random
Casual Worker;a person who is random
Caterer;a person who is random
Catering Consultant;a person who is random
Catering Manager;a person who is random
Catering Staff;a person who is random
Caulker;a person who is random
Ceiling Contractor;a person who is random
Ceiling Fixer;a person who is random
Cellarman;a person who is random
Chambermaid;a person who is random
Chandler;a person who is random
Chaplain;a person who is random
Charge Hand;a person who is random
Charity Worker;a person who is random
Chartered;a person who is random
Chartered Accountant;a person who is random
Chauffeur;a person who is random
Chef;a person who is random
Chemist;a person who is random
Chicken Chaser;a person who is random
Child Minder;a person who is random
Childminder;a person who is random
Chimney Sweep;a person who is random
China Restorer;a person who is random
Chiropodist;a person who is random
Chiropractor;a person who is random
Choreographer;a person who is random
Church Officer;a person who is random
Church Warden;a person who is random
Cinema Manager;a person who is random
Circus Proprietor;a person who is random
Circus Worker;a person who is random
Civil Engineer;a person who is random
Civil Servant;a person who is random
Claims Adjustor;a person who is random
Claims Assessor;a person who is random
Claims Manager;a person who is random
Clairvoyant;a person who is random
Classroom Aide;a person who is random
Cleaner;a person who is random
Clergyman;a person who is random
Cleric;a person who is random
Clerk;a person who is random
Commissioned;a person who is random
Consultant;a person who is random
Coroner;a person who is random
Councillor;a person who is random
Counsellor;a person who is random
Dealer;a person who is random
Decorator;a person who is random
Delivery Driver;a person who is random
Doctor;a person who is qualified to treat people who are ill
Driver;a person who is random
Economist;a person who is random
Editor;a person who is random
Employee;a person who is random
Employment;a person who is random
Engineer;a person who has scientific training and who designs and builds complicated products, machines, systems, or structures
English Teacher;a person who is random
Entertainer;a person who is random
Envoy;a person who is random
Executive;a person who is random
Farmer;a person who is random
Fireman;a person who is random
Floor Layer;a person who is random
Floor Manager;a person who is random
Florist;a person who is random
Flour Miller;a person who is random
Flower Arranger;a person who is random
Flying Instructor;a person who is random
Foam Convertor;a person who is random
Food Processor;a person who is random
Footballer;a person who is random
Foreman;a person who is random
Forensic Scientist;a person who is random
Forest Ranger;a person who is random
Forester;a person who is random
Fork Lift Truck Driver;a person who is random
Forwarding Agent;a person who is random
Foster Parent;a person who is random
Foundry Worker;a person who is random
Fraud Investigator;a person who is random
French Polisher;a person who is random
Fruiterer;a person who is random
Fuel Merchant;a person who is random
Fund Raiser;a person who is random
Funeral Director;a person who is random
Funeral Furnisher;a person who is random
Furnace Man;a person who is random
Furniture Dealer;a person who is random
Furniture Remover;a person who is random
Furniture Restorer;a person who is random
Furrier;a person who is random
Gallery Owner;a person who is random
Gambler;a person who is random
Gamekeeper;a person who is random
Gaming Board Inspector;a person who is random
Gaming Club Manager;a person who is random
Gaming Club Proprietor;a person who is random
Garage Attendant;a person who is random
Garage Foreman;a person who is random
Garage Manager;a person who is random
Garda;a person who is random
Garden Designer;a person who is random
Gardener;a person who is random
Gas Fitter;a person who is random
Gas Mechanic;a person who is random
Gas Technician;a person who is random
Gate Keeper;a person who is random
Genealogist;a person who is random
General Practitioner;a person who is random
Geologist;a person who is random
Geophysicist;a person who is random
Gilder;a person who is random
Glass Worker;a person who is random
Glazier;a person who is random
Goldsmith;a person who is random
Golf Caddy;a person who is random
Golf Club Professional;a person who is random
Golfer;a person who is random
Goods Handler;a person who is random
Governor;a person who is random
Granite Technician;a person who is random
Graphic Designer;a person who is random
Graphologist;a person who is random
Grave Digger;a person who is random
Gravel Merchant;a person who is random
Green Keeper;a person who is random
Greengrocer;a person who is random
Grocer;a person who is random
Groom;a person who is random
Ground Worker;a person who is random
Groundsman;a person who is random
Guest House Owner;a person who is random
Guest House Proprietor;a person who is random
Gun Smith;a person who is random
Gynaecologist;a person who is random
HGV Driver;a person who is random
HGV Mechanic;a person who is random
Hairdresser;a person who is random
Handyman;a person who is random
Hardware Dealer;a person who is random
Haulage Contractor;a person who is random
Hawker;a person who is random
Health Advisor;a person who is random
Health And Safety;a person who is random
Health Care Assistant;a person who is random
Health Consultant;a person who is random
Health Nurse;a person who is random
Health Planner;a person who is random
Health Service;a person who is random
Health Therapist;a person who is random
Health Visitor;a person who is random
Hearing Therapist;a person who is random
Heating Engineer;a person who is random
Herbalist;a person who is random
Highway Inspector;a person who is random
Hire Car Driver;a person who is random
Historian;a person who is random
History Teacher;a person who is random
Hod Carrier;a person who is random
Home Economist;a person who is random
Home Help;a person who is random
Homecare Manager;a person who is random
Homeopath;a person who is random
Homeworker;a person who is random
Hop Merchant;a person who is random
Horse Breeder;a person who is random
Horse Dealer;a person who is random
Horse Riding Instructor;a person who is random
Horse Trader;a person who is random
Horse Trainer;a person who is random
Horticultural Consultant;a person who is random
Horticulturalist;a person who is random
Hosiery Mechanic;a person who is random
Hosiery Worker;a person who is random
Hospital Consultant;a person who is random
Hospital Doctor;a person who is random
Hospital Manager;a person who is random
Hospital Orderly;a person who is random
Hospital Technician;a person who is random
Hospital Warden;a person who is random
Hospital Worker;a person who is random
Hostess;a person who is random
Hot Foil Printer;a person who is random
Hotel Consultant;a person who is random
Hotel Worker;a person who is random
Hotelier;a person who is random
Househusband;a person who is random
Housekeeper;a person who is random
Housewife;a person who is random
Housing Assistant;a person who is random
Housing Officer;a person who is random
Housing Supervisor;a person who is random
Hygienist;a person who is random
Hypnotherapist;a person who is random
Hypnotist;a person who is random
IT Consultant;a person who is random
IT Manager;a person who is random
IT Trainer;a person who is random
Ice Cream Vendor;a person who is random
Illustrator;a person who is random
Immigration Officer;a person who is random
Import Consultant;a person who is random
Importer;a person who is random
Independent Means;a person who is random
Induction Moulder;a person who is random
Industrial Chemist;a person who is random
Industrial Consultant;a person who is random
Injection Moulder;a person who is random
Inspector;a person who is random
Instructor;a person who is random
Instrument Engineer;a person who is random
Instrument Maker;a person who is random
Instrument Supervisor;a person who is random
Instrument Technician;a person who is random
Insurance Agent;a person who is random
Insurance Assessor;a person who is random
Insurance Broker;a person who is random
Insurance Consultant;a person who is random
Insurance Inspector;a person who is random
Insurance Staff;a person who is random
Interior Decorator;a person who is random
Interior Designer;a person who is random
Interpreter;a person who is random
Interviewer;a person who is random
Inventor;a person who is random
Investigator;a person who is random
Investment Advisor;a person who is random
Investment Banker;a person who is random
Investment Manager;a person who is random
Investment Strategist;a person who is random
Ironmonger;a person who is random
Janitor;a person who is random
Jazz Composer;a person who is random
Jeweller;a person who is random
Jewellery;a person who is random
Jockey;a person who is random
Joiner;a person who is random
Joinery Consultant;a person who is random
Journalist;a person who is random
Judge;a person who is random
Keep Fit Instructor;a person who is random
Kennel Hand;a person who is random
Kitchen Worker;a person who is random
Knitter;a person who is random
Labelling Operator;a person who is random
Laboratory Analyst;a person who is random
Labourer;a person who is random
Laminator;a person who is random
Lampshade Maker;a person who is random
Land Agent;a person who is random
Land Surveyor;a person who is random
Landlady;a person who is random
Landlord;a person who is random
Landowner;a person who is random
Landworker;a person who is random
Lathe Operator;a person who is random
Laundry Staff;a person who is random
Laundry Worker;a person who is random
Lavatory Attendant;a person who is random
Law Clerk;a person who is random
Lawn Mower;a person who is random
Lawyer;a person who is random
Leaflet Distributor;a person who is random
Leather Worker;a person who is random
Lecturer;a person who is random
Ledger Clerk;a person who is random
Legal Advisor;a person who is random
Legal Assistant;a person who is random
Legal Executive;a person who is random
Legal Secretary;a person who is random
Letting Agent;a person who is random
Liaison Officer;a person who is random
Librarian;a person who is random
Library Manager;a person who is random
Licensed Premises;a person who is random
Licensee;a person who is random
Licensing;a person who is random
Lifeguard;a person who is random
Lift Attendant;a person who is random
Lift Engineer;a person who is random
Lighterman;a person who is random
Lighthouse Keeper;a person who is random
Lighting Designer;a person who is random
Lighting Technician;a person who is random
Lime Kiln Attendant;a person who is random
Line Manager;a person who is random
Line Worker;a person who is random
Lineman;a person who is random
Linguist;a person who is random
Literary Agent;a person who is random
Literary Editor;a person who is random
Lithographer;a person who is random
Litigation Manager;a person who is random
Loans Manager;a person who is random
Local Government;a person who is random
Lock Keeper;a person who is random
Locksmith;a person who is random
Locum Pharmacist;a person who is random
Log Merchant;a person who is random
Lorry Driver;a person who is random
Loss Adjustor;a person who is random
Loss Assessor;a person who is random
Lumberjack;a person who is random
Machine Fitters;a person who is random
Machine Minder;a person who is random
Machine Operator;a person who is random
Machine Setter;a person who is random
Machine Tool;a person who is random
Machine Tool Fitter;a person who is random
Machinist;a person who is random
Magician;a person who is random
Magistrate;a person who is random
Magistrates Clerk;a person who is random
Maid;a person who is random
Maintenance Fitter;a person who is random
Make Up Artist;a person who is random
Manicurist;a person who is random
Manufacturing;a person who is random
Map Mounter;a person who is random
Marble Finisher;a person who is random
Marble Mason;a person who is random
Marine Broker;a person who is random
Marine Consultant;a person who is random
Marine Electrician;a person who is random
Marine Engineer;a person who is random
Marine Geologist;a person who is random
Marine Pilot;a person who is random
Marine Surveyor;a person who is random
Market Gardener;a person who is random
Market Research;a person who is random
Market Researcher;a person who is random
Market Trader;a person who is random
Marketing Agent;a person who is random
Marketing Assistant;a person who is random
Marketing Coordinator;a person who is random
Marketing Director;a person who is random
Marketing Manager;a person who is random
Marquee Erector;a person who is random
Massage Therapist;a person who is random
Masseur;a person who is random
Masseuse;a person who is random
Master Mariner;a person who is random
Materials Controller;a person who is random
Materials Manager;a person who is random
Mathematician;a person who is random
Maths Teacher;a person who is random
Matron;a person who is random
Mattress Maker;a person who is random
Meat Inspector;a person who is random
Meat Wholesaler;a person who is random
Mechanic;a person who is random
Medal Dealer;a person who is random
Medical Advisor;a person who is random
Medical Assistant;a person who is random
Medical Consultant;a person who is random
Medical Officer;a person who is random
Medical Physicist;a person who is random
Medical Practitioner;a person who is random
Medical Researcher;a person who is random
Medical Secretary;a person who is random
Medical Student;a person who is random
Medical Supplier;a person who is random
Medical Technician;a person who is random
Merchandiser;a person who is random
Merchant;a person who is random
Merchant Banker;a person who is random
Merchant Seaman;a person who is random
Messenger;a person who is random
Metal Dealer;a person who is random
Metal Engineer;a person who is random
Metal Polisher;a person who is random
Metal Worker;a person who is random
Metallurgist;a person who is random
Meteorologist;a person who is random
Meter Reader;a person who is random
Microbiologist;a person who is random
Midwife;a person who is random
Military Leader;a person who is random
Milklady;a person who is random
Milkman;a person who is random
Mill Operator;a person who is random
Mill Worker;a person who is random
Miller;a person who is random
Milliner;a person who is random
Millwright;a person who is random
Miner;a person who is random
Mineralologist;a person who is random
Minibus Driver;a person who is random
Minicab Driver;a person who is random
Mining Consultant;a person who is random
Mining Engineer;a person who is random
Money Broker;a person who is random
Moneylender;a person who is random
Mooring Contractor;a person who is random
Mortgage Broker;a person who is random
Mortician;a person who is random
Motor Dealer;a person who is random
Motor Engineer;a person who is random
Motor Fitter;a person who is random
Motor Mechanic;a person who is random
Motor Racing;a person who is random
Motor Trader;a person who is random
Museum Assistant;a person who is random
Museum Attendant;a person who is random
Music Teacher;a person who is random
Musician;a person who is random
Nanny;a person who is random
Navigator;a person who is random
Negotiator;a person who is random
Neurologist;a person who is random
Newsagent;a person who is random
Night Porter;a person who is random
Night Watchman;a person who is random
Nuclear Scientist;a person who is random
Nun;a person who is random
Nurse;a person who is random
Nursery Assistant;a person who is random
Nursery Nurse;a person who is random
Nursery Worker;a person who is random
Nurseryman;a person who is random
Nursing Assistant;a person who is random
Nursing Auxiliary;a person who is random
Nursing Manager;a person who is random
Nursing Sister;a person who is random
Nutritionist;a person who is random
Off Shore;a person who is random
Office Manager;a person who is random
Office Worker;a person who is random
Oil Broker;a person who is random
Oil Rig Crew;a person who is random
Opera Singer;a person who is random
Operations;a person who is random
Operative;a person who is random
Operator;a person who is random
Optical;a person who is random
Optical Advisor;a person who is random
Optical Assistant;a person who is random
Optician;a person who is random
Optometrist;a person who is random
Orchestral;a person who is random
Organiser;a person who is random
Organist;a person who is random
Ornamental;a person who is random
Ornithologist;a person who is random
Orthopaedic;a person who is random
Orthoptist;a person who is random
Osteopath;a person who is random
Outdoor Pursuits;a person who is random
Outreach Worker;a person who is random
Packaging;a person who is random
Packer;a person who is random
Paediatrician;a person who is random
Paint Consultant;a person who is random
Painter;a person who is random
Palaeobotanist;a person who is random
Palaeontologist;a person who is random
Pallet Maker;a person who is random
Panel Beater;a person who is random
Paramedic;a person who is random
Park Attendant;a person who is random
Park Keeper;a person who is random
Park Ranger;a person who is random
Partition Erector;a person who is random
Parts Man;a person who is random
Parts Manager;a person who is random
Parts Supervisor;a person who is random
Party Planner;a person who is random
Pasteuriser;a person who is random
Pastry Chef;a person who is random
Patent Agent;a person who is random
Patent Attorney;a person who is random
Pathologist;a person who is random
Patrolman;a person who is random
Pattern Cutter;a person who is random
Pattern Maker;a person who is random
Pattern Weaver;a person who is random
Pawnbroker;a person who is random
Payroll Assistant;a person who is random
Payroll Clerk;a person who is random
Payroll Manager;a person who is random
Payroll Supervisor;a person who is random
Personnel Officer;a person who is random
Pest Controller;a person who is random
Pet Minder;a person who is random
Pharmacist;a person who is random
Philatelist;a person who is random
Photographer;a person who is random
Physician;a person who is random
Physicist;a person who is random
Physiologist;a person who is random
Physiotherapist;a person who is random
Piano Teacher;a person who is random
Piano Tuner;a person who is random
Picture Editor;a person who is random
Picture Framer;a person who is random
Picture Reseacher;a person who is random
Pig Man;a person who is random
Pig Manager;a person who is random
Pilot;a person who is random
Pipe Fitter;a person who is random
Pipe Inspector;a person who is random
Pipe Insulator;a person who is random
Pipe Layer;a person who is random
Planning Engineer;a person who is random
Planning Manager;a person who is random
Planning Officer;a person who is random
Planning Technician;a person who is random
Plant Attendant;a person who is random
Plant Driver;a person who is random
Plant Engineer;a person who is random
Plant Fitter;a person who is random
Plant Manager;a person who is random
Plant Operator;a person who is random
Plasterer;a person who is random
Plastics Consultant;a person who is random
Plastics Engineer;a person who is random
Plate Layer;a person who is random
Plater;a person who is random
Playgroup Assistant;a person who is random
Playgroup Leader;a person who is random
Plumber;a person who is random
Podiatrist;a person who is random
Police Officer;a person who is random
Polisher;a person who is random
Pool Attendant;a person who is random
Pools Collector;a person who is random
Porter;a person who is random
Portfolio Manager;a person who is random
Post Sorter;a person who is random
Postman;a person who is random
Postmaster;a person who is random
Postwoman;a person who is random
Potter;a person who is random
Practice Manager;a person who is random
Preacher;a person who is random
Precision Engineer;a person who is random
Premises;a person who is random
Premises Security;a person who is random
Press Officer;a person who is random
Press Operator;a person who is random
Press Setter;a person who is random
Presser;a person who is random
Priest;a person who is random
Print Finisher;a person who is random
Printer;a person who is random
Prison Chaplain;a person who is random
Prison Officer;a person who is random
Private Investigator;a person who is random
Probation Officer;a person who is random
Probation Worker;a person who is random
Procurator Fiscal;a person who is random
Produce Supervisor;a person who is random
Producer;a person who is random
Product Installer;a person who is random
Product Manager;a person who is random
Production Engineer;a person who is random
Production Hand;a person who is random
Production Manager;a person who is random
Production Planner;a person who is random
Professional Boxer;a person who is random
Professional Racing;a person who is random
Professional Wrestler;a person who is random
Progress Chaser;a person who is random
Progress Clerk;a person who is random
Project Co-ordinator;a person who is random
Project Engineer;a person who is random
Project Leader;a person who is random
Project Manager;a person who is random
Project Worker;a person who is random
Projectionist;a person who is random
Promoter;a person who is random
Proof Reader;a person who is random
Property Buyer;a person who is random
Property Dealer;a person who is random
Property Developer;a person who is random
Property Manager;a person who is random
Property Valuer;a person who is random
Proprietor;a person who is random
Psychiatrist;a person who is random
Psychoanalyst;a person who is random
Psychologist;a person who is random
Psychotherapist;a person who is random
Public House Manager;a person who is random
Public Relations Of?cer;a person who is random
Publican;a person who is random
Publicity Manager;a person who is random
Publisher;a person who is random
Publishing Manager;a person who is random
Purchase Clerk;a person who is random
Purchase Ledger Clerk;a person who is random
Purchasing Assistant;a person who is random
Purchasing Manager;a person who is random
Purser;a person who is random
Quality Controller;a person who is random
Quality Engineer;a person who is random
Quality Inspector;a person who is random
Quality Manager;a person who is random
Quality Technician;a person who is random
Quantity Surveyor;a person who is random
Quarry Worker;a person who is random
Racehorse Groom;a person who is random
Racing Organiser;a person who is random
Radio Controller;a person who is random
Radio Director;a person who is random
Radio Engineer;a person who is random
Radio Operator;a person who is random
Radio Presenter;a person who is random
Radio Producer;a person who is random
Radiographer;a person who is random
Radiologist;a person who is random
Rally Driver;a person who is random
Receptionist;a person who is random
Recorder;a person who is random
Records Supervisor;a person who is random
Recovery Vehicle Coordinator;a person who is random
Recreational;a person who is random
Recruitment Consultant;a person who is random
Rector;a person who is random
Reflexologist;a person who is random
Refractory Engineer;a person who is random
Refrigeration Engineer;a person who is random
Refuse Collector;a person who is random
Registrar;a person who is random
Regulator;a person who is random
Relocation Agent;a person who is random
Remedial Therapist;a person who is random
Rent Collector;a person who is random
Rent Offcer;a person who is random
Repair Man;a person who is random
Repairer;a person who is random
Reporter;a person who is random
Representative;a person who is random
Reprographic Assistant;a person who is random
Research Analyst;a person who is random
Research Consultant;a person who is random
Research Director;a person who is random
Research Scientist;a person who is random
Research Technician;a person who is random
Researcher;a person who is random
Resin Caster;a person who is random
Restaurant Manager;a person who is random
Restaurateur;a person who is random
Restorer;a person who is random
Retired;a person who is random
Revenue Clerk;a person who is random
Revenue Officer;a person who is random
Riding Instructor;a person who is random
Rig Worker;a person who is random
Rigger;a person who is random
Riveter;a person who is random
Road Safety Officer;a person who is random
Road Sweeper;a person who is random
Road Worker;a person who is random
Roadworker;a person who is random
Roof Tiler;a person who is random
Roofer;a person who is random
Rose Grower;a person who is random
Royal Marine;a person who is random
Rug Maker;a person who is random
Saddler;a person who is random
Safety Officer;a person who is random
Sail Maker;a person who is random
Sales Administrator;a person who is random
Sales Assistant;a person who is random
Sales Director;a person who is random
Sales Engineer;a person who is random
Sales Executive;a person who is random
Sales Manager;a person who is random
Sales Representative;a person who is random
Sales Support;a person who is random
Salesman;a person who is random
Saleswoman;a person who is random
Sand Blaster;a person who is random
Saw Miller;a person who is random
Scaffolder;a person who is random
School Crossing;a person who is random
School Inspector;a person who is random
Scientific Officer;a person who is random
Scientist;a person who is random
Scrap Dealer;a person who is random
Screen Printer;a person who is random
Screen Writer;a person who is random
Script Writer;a person who is random
Sculptor;a person who is random
Seaman;a person who is random
Seamstress;a person who is random
Secretary;a person who is random
Security Consultant;a person who is random
Security Controller;a person who is random
Security Guard;a person who is random
Security Officer;a person who is random
Servant;a person who is random
Service Engineer;a person who is random
Service Manager;a person who is random
Share Dealer;a person who is random
Sheet Metal Worker;a person who is random
Shelf Filler;a person who is random
Shelter Warden;a person who is random
Shepherd;a person who is random
Sheriff;a person who is random
Sheriff Clerk;a person who is random
Sheriff Principal;a person who is random
Shift Controller;a person who is random
Ship Broker;a person who is random
Ship Builder;a person who is random
Shipping Clerk;a person who is random
Shipping Officer;a person who is random
Shipwright;a person who is random
Shipyard Worker;a person who is random
Shoe Maker;a person who is random
Shoe Repairer;a person who is random
Shooting Instructor;a person who is random
Shop Assistant;a person who is random
Shop Fitter;a person who is random
Shop Keeper;a person who is random
Shop Manager;a person who is random
Shop Proprietor;a person who is random
Shot Blaster;a person who is random
Show Jumper;a person who is random
Showman;a person who is random
Shunter;a person who is random
Sign Maker;a person who is random
Signalman;a person who is random
Signwriter;a person who is random
Site Agent;a person who is random
Site Engineer;a person who is random
Skipper;a person who is random
Slater;a person who is random
Slaughterman;a person who is random
Smallholder;a person who is random
Social Worker;a person who is random
Software Consultant;a person who is random
Software Engineer;a person who is random
Soldier;a person who is random
Solicitor;a person who is random
Song Writer;a person who is random
Sound Artist;a person who is random
Sound Engineer;a person who is random
Sound Technician;a person who is random
Special Constable;a person who is random
Special Needs;a person who is random
Speech Therapist;a person who is random
Sports Administrator;a person who is random
Sports Coach;a person who is random
Sports Commentator;a person who is random
Sportsman;a person who is random
Sportsperson;a person who is random
Sportswoman;a person who is random
Spring Maker;a person who is random
Stable Hand;a person who is random
Staff Nurse;a person who is random
Stage Director;a person who is random
Stage Hand;a person who is random
Stage Manager;a person who is random
Stage Mover;a person who is random
Station Manager;a person who is random
Stationer;a person who is random
Statistician;a person who is random
Steel Erector;a person who is random
Steel Worker;a person who is random
Steeplejack;a person who is random
Stenographer;a person who is random
Steward;a person who is random
Stewardess;a person who is random
Stock Controller;a person who is random
Stock Manager;a person who is random
Stockbroker;a person who is random
Stockman;a person who is random
Stocktaker;a person who is random
Stone Cutter;a person who is random
Stone Sawyer;a person who is random
Stonemason;a person who is random
Store Detective;a person who is random
Storeman;a person who is random
Storewoman;a person who is random
Street Entertainer;a person who is random
Street Trader;a person who is random
Stud Hand;a person who is random
Student;a person who is random
Student Nurse;a person who is random
Student Teacher;a person who is random
Studio Manager;a person who is random
Sub-Postmaster;a person who is random
Sub-Postmistress;a person who is random
Supervisor;a person who is random
Supply Teacher;a person who is random
Surgeon;a person who is random
Surveyor;a person who is random
Systems Analyst;a person who is random
Systems Engineer;a person who is random
Systems Manager;a person who is random
TV Editor;a person who is random
Tachograph Analyst;a person who is random
Tacker;a person who is random
Tailor;a person who is random
Tank Farm Operative;a person who is random
Tanker Driver;a person who is random
Tanner;a person who is random
Tattooist;a person who is random
Tax Advisor;a person who is random
Tax Analyst;a person who is random
Tax Assistant;a person who is random
Tax Consultant;a person who is random
Tax Inspector;a person who is random
Tax Manager;a person who is random
Tax Officer;a person who is random
Taxi Controller;a person who is random
Taxi Driver;a person who is random
Taxidermist;a person who is random
Tea Blender;a person who is random
Tea Taster;a person who is random
Teacher;a person who helps students to acquire knowledge, competence or virtue
Teachers Assistant;a person who is random
Technical Advisor;a person who is random
Technical Analyst;a person who is random
Technical Assistant;a person who is random
Technical Author;a person who is random
Technical Clerk;a person who is random
Technical Co-ordinator;a person who is random
Technical Director;a person who is random
Technical Editor;a person who is random
Technical Engineer;a person who is random
Technical Illustrator;a person who is random
Technical Instructor;a person who is random
Technical Liaison;a person who is random
Technical Manager;a person who is random
Technician;a person who is random
Telecommunication;a person who is random
Telecommunications;a person who is random
Telegraphist;a person who is random
Telemarketeer;a person who is random
Telephone Engineer;a person who is random
Telephonist;a person who is random
Telesales Person;a person who is random
Television Director;a person who is random
Television Engineer;a person who is random
Television Presenter;a person who is random
Television Producer;a person who is random
Telex Operator;a person who is random
Temperature Time;a person who is random
Tennis Coach;a person who is random
Textile Consultant;a person who is random
Textile Engineer;a person who is random
Textile Technician;a person who is random
Textile Worker;a person who is random
Thatcher;a person who is random
Theatre Manager;a person who is random
Theatre Technician;a person who is random
Theatrical Agent;a person who is random
Therapist;a person who is random
Thermal Engineer;a person who is random
Thermal Insulator;a person who is random
Ticket Agent;a person who is random
Ticket Inspector;a person who is random
Tiler;a person who is random
Timber Inspector;a person who is random
Timber Worker;a person who is random
Tobacconist;a person who is random
Toll Collector;a person who is random
Tool Maker;a person who is random
Tour Agent;a person who is random
Tour Guide;a person who is random
Town Clerk;a person who is random
Town Planner;a person who is random
Toy Maker;a person who is random
Toy Trader;a person who is random
Track Worker;a person who is random
Tractor Driver;a person who is random
Tractor Mechanic;a person who is random
Trade Mark Agent;a person who is random
Trade Union Official;a person who is random
Trading Standards;a person who is random
Traffic Warden;a person who is random
Train Driver;a person who is random
Trainee Manager;a person who is random
Training Advisor;a person who is random
Training Assistant;a person who is random
Training Co-ordinator;a person who is random
Training Consultant;a person who is random
Training Instructor;a person who is random
Training Manager;a person who is random
Training Officer;a person who is random
Transcriber;a person who is random
Translator;a person who is random
Transport Clerk;a person who is random
Transport Consultant;a person who is random
Transport Controller;a person who is random
Transport Engineer;a person who is random
Transport Manager;a person who is random
Transport Officer;a person who is random
Transport Planner;a person who is random
Travel Agent;a person who is random
Travel Clerk;a person who is random
Travel Consultant;a person who is random
Travel Courier;a person who is random
Travel Guide;a person who is random
Travel Guide Writer;a person who is random
Travel Representative;a person who is random
Travelling Showman;a person who is random
Treasurer;a person who is random
Tree Feller;a person who is random
Tree Surgeon;a person who is random
Trichologist;a person who is random
Trinity House Pilot;a person who is random
Trout Farmer;a person who is random
Tug Skipper;a person who is random
Tunneller;a person who is random
Turf Accountant;a person who is random
Turkey Farmer;a person who is random
Turner;a person who is random
Tutor;a person who is random
Typesetter;a person who is random
Typewriter Engineer;a person who is random
Typist;a person who is random
Tyre Builder;a person who is random
Tyre Fitter;a person who is random
Tyre Inspector;a person who is random
Tyre Technician;a person who is random
Undertaker;a person who is random
Underwriter;a person who is random
Upholsterer;a person who is random
Valuer;a person who is random
Valve Technician;a person who is random
Van Driver;a person who is random
Vehicle Assessor;a person who is random
Vehicle Body Worker;a person who is random
Vehicle Engineer;a person who is random
Vehicle Technician;a person who is random
Ventriloquist;a person who is random
Verger;a person who is random
Veterinary Surgeon;a person who is random
Vicar;a person who is random
Video Artist;a person who is random
Violin Maker;a person who is random
Violinist;a person who is random
Voluntary Worker;a person who is random
Wages Clerk;a person who is random
Waiter;a person who is random
Waitress;a person who is random
Warden;a person who is random
Warehouse Manager;a person who is random
Warehouseman;a person who is random
Warehousewoman;a person who is random
Watchmaker;a person who is random
Weaver;a person who is random
Weighbridge Clerk;a person who is random
Weighbridge Operator;a person who is random
Welder;a person who is random
Welfare Assistant;a person who is random
Welfare Officer;a person who is random
Welfare Rights Officer;a person who is random
Wheel Clamper;a person who is random
Wholesale Newspaper;a person who is random
Window Cleaner;a person who is random
Window Dresser;a person who is random
Windscreen Fitter;a person who is random
Wine Merchant;a person who is random
Wood Carver;a person who is random
Wood Cutter;a person who is random
Wood Worker;a person who is random
Word Processing Operator;a person who is random
Works Manager;a person who is random
Writer;a person who is random
Yacht Master;a person who is random
Yard Manager;a person who is random
Youth Hostel Warden;a person who is random
Youth Worker;a person who is random
Zoo Keeper;a person who is random
Zoo Manager;a person who is random
Zoologist;a person who is random
